{
  "q_table": {
    "(1, 0)": {
      "2": -0.41530475486476237,
      "3": -1.9305472410652347,
      "6": -1.248193400318036,
      "9": -0.1389487301603843
    },
    "(2, 0)": {
      "9": -0.34742309235689683,
      "5": -0.7832641755176778,
      "3": 0.0,
      "7": -7.106210757317102,
      "8": -3.5347485630089195,
      "0": 6.12579511
    },
    "(9, 0)": {
      "5": -0.2949906603499246,
      "0": 1.0,
      "3": -2.502199758995779,
      "8": -2.0951133504154216
    },
    "(5, 0)": {
      "0": 6.5132155990000005,
      "3": 0.0
    },
    "(0, 0)": {},
    "(3, 0)": {
      "2": 0.0,
      "4": -1.5578236104252183,
      "9": -0.35030958567599874,
      "6": -3.3032214744829145,
      "8": -1.2083843923338706
    },
    "(4, 0)": {
      "9": -1.2047146651397596,
      "3": -1.3824308060750161,
      "8": -1.6497209233386778
    },
    "(6, 0)": {
      "3": -0.654838828662128
    },
    "(6, 5)": {
      "1": -0.4020353534849946,
      "3": -1.1876814156033475,
      "5": 1.0,
      "8": -5.971187416783994
    },
    "(1, 5)": {
      "2": -0.14002530550924963,
      "3": -0.20853609071452187,
      "9": -2.400582761486762,
      "6": -0.35037950414177577
    },
    "(2, 5)": {
      "9": -0.05480730256064053,
      "5": 1.0,
      "3": 0.0,
      "8": -5.976999137535925
    },
    "(9, 5)": {
      "5": 1.9,
      "0": -3.3064446420690654,
      "3": 0.0,
      "1": -3.7406830062163623
    },
    "(0, 5)": {
      "5": 2.71,
      "9": -4.003524835658918,
      "2": -5.519433716342976
    },
    "(5, 5)": {
      "3": 0.0
    },
    "(3, 5)": {
      "1": -3.172300598904928,
      "2": -0.14002530550924963,
      "4": -2.912753003074498,
      "9": -2.807275271331233,
      "0": -0.15637773361049723,
      "5": 6.12579511,
      "6": -2.868559253808887
    },
    "(4, 5)": {
      "3": -0.5700654630668118,
      "5": 9.353891811077332,
      "6": -0.26093581210870737
    },
    "(6, 3)": {
      "3": 6.12579511,
      "0": -0.3922258851380611
    },
    "(3, 3)": {
      "4": 0.0
    },
    "(5, 3)": {
      "3": 8.499053647030008,
      "2": -4.373697692941824,
      "6": 0.5525792039627113,
      "7": -7.412789616457212,
      "0": -4.29264041274715
    },
    "(4, 3)": {
      "3": 8.499053647030008,
      "5": 2.8876873361988427
    },
    "(4, 6)": {
      "3": -0.3736285780693812,
      "5": -0.41239687478187126,
      "6": 6.12579511
    },
    "(3, 6)": {
      "1": -0.17362306291907192,
      "2": -3.181598024635294,
      "9": -3.5573341685265576,
      "6": 8.499053647030008,
      "5": -2.5824031415929185,
      "0": -2.2001285401556867,
      "8": -3.1374114973906444
    },
    "(1, 6)": {
      "2": -0.25075006038682984,
      "6": 1.0,
      "9": 0.0
    },
    "(2, 6)": {
      "9": -0.2995914329640663,
      "5": -1.6859157603734065,
      "1": -0.17362306291907192,
      "8": -1.733210352764982
    },
    "(9, 6)": {
      "5": -0.3141963223281263,
      "0": 0.0,
      "7": -1.091338269870019,
      "1": -3.4287353812068173
    },
    "(5, 6)": {
      "0": -3.7991469799219018,
      "6": 6.12579511,
      "4": -0.7028550784350616,
      "2": -3.9011396941862233,
      "8": -2.5885663691100165,
      "7": -1.2980138471652554
    },
    "(0, 6)": {
      "9": -1.0934715926784664,
      "5": -1.3965511557718213,
      "7": -1.3711492092997342
    },
    "(4, 8)": {
      "3": -5.656236213521314,
      "6": -2.480736078015258
    },
    "(3, 8)": {
      "1": -4.358997698334608,
      "2": -3.895249139357053,
      "9": -4.093890560787717,
      "5": -2.8484176857829855,
      "6": -5.2051009453014
    },
    "(9, 8)": {
      "5": -3.0633330112628645,
      "0": -6.612608094381458,
      "2": -3.4796792891440047,
      "1": -2.921469968959986,
      "3": -2.8966504633601122,
      "8": 8.499053647030008
    },
    "(5, 8)": {
      "0": -2.6191075177500993,
      "2": -7.262640020390483,
      "9": -2.2594070372956883,
      "3": -2.2245681262257184,
      "6": -2.921614282764591,
      "4": -2.755461034396254
    },
    "(0, 8)": {
      "2": -3.153891208702907,
      "5": -5.277322535499837,
      "9": -5.400082977191736,
      "3": -4.507005469014019
    },
    "(2, 8)": {
      "1": -3.354123266408242,
      "9": -3.438978244942405,
      "5": -3.5665466833849484,
      "0": -4.9231578908210025
    },
    "(1, 8)": {
      "6": -2.1181023786457276,
      "2": -2.1967412119159544,
      "9": -3.053219240774379,
      "3": -1.0549363958895803
    },
    "(6, 8)": {
      "0": -3.0653733010332624,
      "4": -1.947110505706584
    },
    "(1, 2)": {
      "2": 6.12579511
    },
    "(2, 2)": {},
    "(8, 9)": {
      "7": -7.205110448164498,
      "2": -3.247175194285825,
      "3": -2.933030747151321,
      "5": -3.2699460619205487
    },
    "(7, 9)": {
      "9": 8.499053647030008,
      "2": -6.292804976424128,
      "4": -3.2213824649328533
    },
    "(8, 5)": {
      "7": -4.596909616206973
    },
    "(7, 5)": {},
    "(6, 6)": {},
    "(1, 4)": {
      "7": -0.9873234597795508,
      "0": -1.3588728287250578,
      "9": -1.0310500744488633
    },
    "(7, 4)": {
      "9": -2.2305918171373693,
      "0": -1.7375075087096068,
      "6": -1.336189650682497
    },
    "(9, 4)": {
      "0": -0.9539456179850838,
      "7": -0.5326235150702321,
      "1": -2.11773185993367
    },
    "(0, 4)": {
      "7": -2.0655519702800973,
      "9": -1.0098415624494699,
      "6": -2.217608526269126,
      "5": -0.4476137643410925
    },
    "(9, 9)": {},
    "(8, 7)": {
      "4": -1.3258261913516012,
      "5": -4.605311523606637,
      "2": -4.691687438223659,
      "3": -4.614895727436002
    },
    "(4, 7)": {},
    "(9, 3)": {
      "7": -2.5994240376651963,
      "1": -2.7140106022333943,
      "0": -2.6146274448359006
    },
    "(7, 3)": {
      "1": -3.2787900180599414,
      "0": -2.6146274448359006
    },
    "(1, 3)": {
      "0": -2.696494281485855,
      "7": -2.6769187358361046
    },
    "(0, 3)": {
      "7": -2.739328878360728,
      "1": -1.9225302639082213,
      "3": 1.9
    },
    "(2, 3)": {
      "7": -5.164355487528674,
      "8": -2.6453954532058614,
      "5": 1.1766020825069219
    },
    "(6, 4)": {
      "7": -1.5022921458641985,
      "3": -1.102720333427112,
      "4": 1.0
    },
    "(3, 4)": {
      "0": -0.7385790327632955,
      "9": -2.0377268631494765
    },
    "(3, 1)": {
      "6": -3.0693641009013173
    },
    "(6, 1)": {
      "7": -2.268200084374561,
      "0": -1.880656435096927,
      "5": -0.9455136483151709,
      "4": -0.8672380224034404
    },
    "(7, 1)": {
      "0": -2.300108510247136,
      "4": -2.4739835813138793
    },
    "(0, 1)": {
      "7": -2.004049301822416,
      "6": -1.962088070490834,
      "5": -2.470078806708357,
      "9": -7.096989094625691
    },
    "(2, 7)": {
      "5": -5.942418283546041,
      "8": -3.6032556831753713,
      "3": -1.6807072609168707
    },
    "(5, 7)": {
      "4": -1.019854154634529,
      "2": -5.590946974174899,
      "8": -1.9836741562940121
    },
    "(9, 7)": {
      "7": 9.418502629969598,
      "1": -4.305230558253838,
      "0": -2.7977385836509026
    },
    "(7, 7)": {},
    "(7, 6)": {
      "9": -1.3876194860595004,
      "2": -4.505154283071562,
      "4": 1.152960830007078
    },
    "(7, 8)": {
      "9": -3.179711675812801,
      "0": -3.5473899058019134,
      "4": -9.784325801334067
    },
    "(2, 1)": {
      "1": 6.12579511,
      "0": -0.47121158863919616
    },
    "(1, 1)": {},
    "(7, 2)": {
      "9": -1.9875148096995388,
      "0": -1.9502455763040552
    },
    "(9, 2)": {
      "0": -2.4714360588070825,
      "5": -2.560209655843314,
      "6": -8.304388062142065
    },
    "(0, 2)": {
      "5": -1.8185858662343461,
      "3": -1.3834464330593113,
      "9": -6.709085211681774,
      "6": -6.566526271999553
    },
    "(5, 2)": {
      "3": -1.067341677678497,
      "0": -3.156592380400367
    },
    "(3, 2)": {
      "5": -1.4862601409683263
    },