{
  "q_table": {
    "(1, 4)": {
      "5": 0.6561596601889264,
      "3": -2.0296107458243724
    },
    "(5, 4)": {
      "3": 2.052564428236502,
      "6": 0.685695115239271,
      "4": 9.999999850214728
    },
    "(3, 4)": {
      "5": -2.8036995698611302,
      "4": 9.999999941970117
    },
    "(1, 0)": {
      "8": -1.5427757878015373,
      "5": 5.8726443972691875
    },
    "(8, 0)": {
      "5": 0.3255707867539168
    },
    "(5, 0)": {
      "7": -4.202710068880121,
      "8": -2.1594986156699787,
      "0": 9.576088417247838
    },
    "(7, 0)": {
      "4": -3.7408584266986047,
      "6": -16.608475685381887
    },
    "(4, 0)": {},
    "(1, 3)": {
      "8": -9.4381446361033,
      "5": -3.646273999747793
    },
    "(8, 3)": {
      "5": -4.58721065015469
    },
    "(5, 3)": {
      "7": -0.4282736538246752,
      "8": -8.082331255213974,
      "4": 3.345557495837683
    },
    "(7, 3)": {
      "4": 5.622206551665771
    },
    "(4, 3)": {
      "5": -1.6357474575965518,
      "3": 9.999238226519541,
      "9": -23.64550082460529,
      "6": -23.508069011574033
    },
    "(0, 1)": {
      "2": -3.990963023828018,
      "6": -2.4080211060621846
    },
    "(2, 1)": {},
    "(6, 1)": {},
    "(0, 4)": {
      "4": 9.999238226519541
    },
    "(4, 4)": {},
    "(4, 5)": {
      "5": 9.999238226519541
    },
    "(5, 5)": {},
    "(6, 4)": {
      "4": 6.12579511
    },
    "(5, 6)": {
      "6": 9.999153585021713,
      "4": -0.21886727497171043
    },
    "(6, 6)": {
      "4": 0.0
    },
    "(3, 3)": {},
    "(2, 0)": {
      "1": 1.3281045699864586,
      "5": 2.940500820895432
    },
    "(0, 0)": {
      "4": 0.0,
      "3": 0.0
    },
    "(3, 5)": {
      "7": -32.230130295305734,
      "6": -32.34342499233777
    },
    "(7, 5)": {
      "6": -32.44064569103457
    },
    "(6, 5)": {
      "7": -32.3403055877301
    },
    "(3, 0)": {
      "7": -11.443814067017744,
      "6": -12.310081452070834
    },
    "(6, 0)": {
      "7": -9.2057400564815
    },
    "(9, 3)": {
      "6": -24.049299795326874
    },
    "(6, 3)": {
      "9": -23.5078428736014
    },
    "(4, 6)": {
      "6": 1.0
    }
  },
  "learning_rate": 0.1,
  "gamma": 0.9,
  "epsilon": 0.09511101304657718
}